{
  "intents": [
    {
      "tag": "greeting",
      "patterns": [
        "Hi",
        "Hey",
        "How are you",
        "Is anyone there?",
        "Hello",
        "Good day"
      ],
      "responses": [
        "Hey!",
        "Hello, thanks for visiting please mention your symptoms.",
        "Hi there,visit our shop or get a get fix for your problems.",
        "Hi there, how are you feeling?"
      ]
    },
    {
      "tag": "goodbye",
      "patterns": ["Bye", "See you later", "Goodbye"],
      "responses": [
        "See you later, thanks for visiting",
        "Have a nice day",
        "Bye!.",
        "Get well soon."
        
      ]
    },
    {
      "tag": "thanks",
      "patterns": ["Thanks", "Thank you", "That's helpful", "Thank's a lot!"],
      "responses": ["Happy to help!", "Any time!", "My pleasure"]
    },
    {
      "tag": "items",
      "patterns": [
        "Which items do you have?",
        "What kinds of items are there?",
        "What do you sell?",
        "what items do you have?",
        "what do you do?"
      ],
      "responses": [
        "We sell medical eqiupments and other supplements",
        "We have medical equipments.",
        "I can diagnose minor diseases based on your symptoms and provide a quick fix if possible"
      ]
    },
    {
      "tag": "payments",
      "patterns": [
        "Do you take credit cards?",
        "Do you accept Mastercard?",
        "Can I pay with Paypal?",
        "Are you cash only?"
      ],
      "responses": [
        "We accept VISA, Mastercard and UPI",
        "We accept most major credit cards, and UPI"
      ]
    },
    {
      "tag": "delivery",
      "patterns": [
        "How long does delivery take?",
        "How long does shipping take?",
        "When do I get my delivery?",
        " when will it arrive"
      ],
      "responses": [
        "Delivery takes 2-4 days",
        "Shipping takes 2-4 days",
        "Usually it takes around 2-4 days."
      ]
    },
    {
      "tag": "funny",
      "patterns": [
        "Tell me a joke!",
        "Tell me something funny!",
        "Do you know a joke?"
      ],
      "responses": [
        "Why did the hipster burn his mouth? He drank the coffee before it was cool.",
        "What did the buffalo say when his son left for college? Bison."
      ]
    },
    {
      "tag": "Allergy",
      "patterns": [
        "I have nasal congestion",
        "itchy","watery eyes",
        "My eyes are watering",
        "sneezing","i suffer from",
        "stuffy","I have a runny nose",
        "scratchy" , "sore throat","My throat is sore",
        "throat clearing",
        "cough.","repeated coughs"
      ],
      "responses": [
        "According to these symptoms you may have an allergy",
        "It seems like you have an allergy"

      ]
    },
    {
      "tag": "Fungal_Infection",
      "patterns": [
        "itching","skin rash","eruptions","protusions",
        "i have a spots","pigmentation","patches on my skin"
      ],
      "responses": [
        "It seems like you have a Fungal infection",
        "According to these symptoms you may have a Fungal infection"
      ]
    },
    {
      "tag": "GERD",
      "patterns": [
        "stomach pain","continous pain in my stomach","acidity",
        "ulcer","burning sensation in stomach","vomitting","ache in chest","pain in my chest"

      ],
      "responses": [
        "It seems like you have a GERD",
        "According to these symptoms you may have a GERD"
      ]
    },
  
    {
      "tag": "Anemia",
      "patterns": [
       "feeling tired","lightheaded","decreased energy",
       "rapid heart rate","increase in heart rate"
      ],
      "responses": [
        "It seems like you have Anemia",
        "According to these symptoms you may have Anemia"
      ]
    },
    {
      "tag": "Cold/flu",
      "patterns": [
       "Headache","body ache","fever","high temperature",
       "I have a runny nose","sneezing","loose motion",
       "diarrhea"
      ],
      "responses": [
        "It seems like you have flu",
        "According to these symptoms you may have flu"
      ]
    },
    {
      "tag": "Jaundice",
      "patterns": [
       "yellow eyes","yellow skin","fever","yellow urination"
    
      ],
      "responses": [
        "It seems like you have Jaundice",
        "According to these symptoms you may have Jaundice"
      ]
    },
    {
      "tag": "Asthma",
      "patterns": [
       "fatigue","high fever","breathlessness",
       "cough","mucous"
      ],
      "responses": [
        "It seems like you have Asthma",
        "According to these symptoms you may have Asthma"
      ]
    },
    {
      "tag": "Malaria",
      "patterns": [
       "chills","vomitting","fatigue","high fever",
       "sweating","nausea","diarrhea","Headache","muscle pain"
      ],
      "responses": [
        "It seems like you have Malaria",
        "According to these symptoms you may have Malaria"
      ]
    },
    {
      "tag": "Typhoid",
      "patterns": [
       "chills","vomitting","high fever","constipation",
       "stomach pain","belly pain","diarrhea","weight loss"
      ],
      "responses": [
        "It seems like you have Typhoid",
        "According to these symptoms you may have Typhoid "
      ]
    },
    {
      "tag": "Vericose veins",
      "patterns": [
       "fatigue","cramps","bruising","obesity","swollen legs",
       "swollen blood vessels","prominent veins in calf and thighs",
       "leg pain"
      ],
      "responses": [
        "It seems like you have Vericose veins",
        "According to these symptoms you may have vericose veins"
      ]
    },
    {
      "tag": "Dengue",
      "patterns": [
       "bleeding from nose or gums","vomitting blood",
       "blood in stool","feeling tired","restless","irritable"
      ],
      "responses": [
        "It seems like you have dengue",
        "According to these symptoms you may have dengue"
      ]
    }


  ]
}
